<?xml version="1.0" encoding="UTF-8"?>
<!DOCTYPE mapper
PUBLIC "-//mybatis.org//DTD Mapper 3.0//EN"
"http://mybatis.org/dtd/mybatis-3-mapper.dtd">

<!-- 다른 mapper와 중복되지 않도록 네임스페이스 기재 -->
<mapper namespace="board">
	<select id="boardList" resultType="com.board.example.dto.BoardDTO">
			select bno, title, writer, regdate, viewcnt
			from board2 order by bno desc
	</select>
    <!-- Create 부분에 해당하는 글 쓰기 쿼리 -->
    <insert id="boardWriter">
        insert into board2 (bno, title, content, writer ) 
        values ((select nvl(max(bno)+1,1) from board2), #{title}, #{content}, #{writer} )
    </insert>
    <!--  게시글 상세내용 불러오기  -->
    <select id="boardRead" resultType="com.board.example.dto.BoardDTO">
        select bno,title,content,writer,regdate,viewcnt
        from board2 where bno = #{bno}
    </select>
    <!--  게시글 수정하기  -->
    <update id="boardUpdate">
        update board2 set title=#{title},content=#{content} 
        where bno=#{bno}
    </update>
    
	<!-- 게시글 삭제하기 -->
	<delete id="boardDelete">
		delete from board2 
		where bno=#{bno}
	</delete>
</mapper>