<?xml version="1.0" encoding="UTF-8"?>
<beans xmlns="http://www.springframework.org/schema/beans"
	xmlns:xsi="http://www.w3.org/2001/XMLSchema-instance"
	xmlns:security="http://www.springframework.org/schema/security"
	xsi:schemaLocation="http://www.springframework.org/schema/security http://www.springframework.org/schema/security/spring-security-4.2.xsd
		http://www.springframework.org/schema/beans http://www.springframework.org/schema/beans/spring-beans.xsd">

	<security:http auto-config="true" use-expressions="false">
		<security:intercept-url pattern="/forMember" access="ROLE_MEMBER"/>
		<security:intercept-url pattern="/forManager" access="ROLE_MANAGER"/>
		<security:intercept-url pattern="/forAdmin" access="ROLE_ADMIN"/>
	</security:http>
	
	<security:http auto-config="true">
		<security:intercept-url pattern="/forMember" access="hasRole('ROLE_MEMBER')"/>
		<security:intercept-url pattern="/forManager" access="hasRole('ROLE_MANAGER')"/>
		<security:intercept-url pattern="/forAdmin" access="hasRole('ROLE_ADMIN')"/>
	</security:http>
	
	<security:authentication-manager>
		<security:authentication-provider>
			<security:user-service>
				<security:user name="member" password="{noop}member" authorities="ROLE_MEMBER"/>
				<security:user name="manager" password="{noop}manager" authorities="ROLE_MANAGER"/>
				<security:user name="admin" password="{noop}admin" authorities="ROLE_ADMIN"/>
			</security:user-service>
		</security:authentication-provider>
	</security:authentication-manager>
	
</beans>